{
  "all": {
    "mean": 0.8353815078735352,
    "std": 0.0715206041932106,
    "min": 0.21804744005203247,
    "max": 1.0000003576278687,
    "percentiles": {
      "10%": 0.7520812749862671,
      "25%": 0.7995507121086121,
      "50%": 0.8372089862823486,
      "75%": 0.8778538107872009,
      "90%": 0.9164673089981079,
      "95%": 0.9427717924118042,
      "99%": 1.0000001192092896
    }
  },
  "off_diagonal": {
    "mean": 0.8347381949424744,
    "std": 0.07091256231069565,
    "min": 0.21804744005203247,
    "max": 1.000000238418579,
    "percentiles": {
      "10%": 0.7518484592437744,
      "25%": 0.7993338108062744,
      "50%": 0.8371362686157227,
      "75%": 0.8771915435791016,
      "90%": 0.9151340126991272,
      "95%": 0.9393665790557861,
      "99%": 1.0000001192092896
    }
  },
  "soft_positives_per_sample": {
    "threshold_0.1": {
      "mean": 254.99141483516485,
      "std": 0.4632012692381941,
      "min": 230.0,
      "max": 255.0
    },
    "threshold_0.2": {
      "mean": 254.99141483516485,
      "std": 0.4632012692381941,
      "min": 230.0,
      "max": 255.0
    },
    "threshold_0.3": {
      "mean": 254.9884529532967,
      "std": 0.4634516396491626,
      "min": 230.0,
      "max": 255.0
    },
    "threshold_0.4": {
      "mean": 254.8998057606456,
      "std": 0.5095154236361833,
      "min": 230.0,
      "max": 255.0
    },
    "threshold_0.5": {
      "mean": 254.38329809838598,
      "std": 1.0339093719867707,
      "min": 230.0,
      "max": 255.0
    },
    "threshold_0.6": {
      "mean": 253.24792498284643,
      "std": 1.521142472765976,
      "min": 229.96536254882812,
      "max": 255.0
    },
    "threshold_0.7": {
      "mean": 245.40910340403462,
      "std": 3.028351644306948,
      "min": 223.96536254882812,
      "max": 252.9765625
    },
    "threshold_0.8": {
      "mean": 190.43599229854541,
      "std": 6.819424669598908,
      "min": 165.2578125,
      "max": 211.609375
    },
    "threshold_0.9": {
      "mean": 39.75943842039003,
      "std": 3.119417114469413,
      "min": 30.3203125,
      "max": 51.8125
    }
  },
  "total_samples": 745447
}